Entropy, Pc, Msi, Bfr, Shf, % Uso, Slots Bloqueados, Prediccion
cantidad de demandas: 0
cantidad de demandas: 0
cantidad de demandas: 0
cantidad de demandas: 0
cantidad de demandas: 0
cantidad de demandas: 0
cantidad de demandas: 0
cantidad de demandas: 0
cantidad de demandas: 0
cantidad de demandas: 0
cantidad de demandas: 0
cantidad de demandas: 0
cantidad de demandas: 0
cantidad de demandas: 0
cantidad de demandas: 0
cantidad de demandas: 0
cantidad de demandas: 0
cantidad de demandas: 0
cantidad de demandas: 0
cantidad de demandas: 0
cantidad de demandas: 0
cantidad de demandas: 0
cantidad de demandas: 0
cantidad de demandas: 0
cantidad de demandas: 0
cantidad de demandas: 0
cantidad de demandas: 0
cantidad de demandas: 0
cantidad de demandas: 0
cantidad de demandas: 0
cantidad de demandas: 0
cantidad de demandas: 0
cantidad de demandas: 0
cantidad de demandas: 0
cantidad de demandas: 0
cantidad de demandas: 0
cantidad de demandas: 0
cantidad de demandas: 0
cantidad de demandas: 0
cantidad de demandas: 0
cantidad de demandas: 0
cantidad de demandas: 0
cantidad de demandas: 0
cantidad de demandas: 0
cantidad de demandas: 0
cantidad de demandas: 0
cantidad de demandas: 0
cantidad de demandas: 0
cantidad de demandas: 0
cantidad de demandas: 0
cantidad de demandas: 0
cantidad de demandas: 0
cantidad de demandas: 0
cantidad de demandas: 0
cantidad de demandas: 0
cantidad de demandas: 0
cantidad de demandas: 0
cantidad de demandas: 0
cantidad de demandas: 0
cantidad de demandas: 0
cantidad de demandas: 0
cantidad de demandas: 0
cantidad de demandas: 0
cantidad de demandas: 0
cantidad de demandas: 0
cantidad de demandas: 0
cantidad de demandas: 0
cantidad de demandas: 0
cantidad de demandas: 0
cantidad de demandas: 0
cantidad de demandas: 0
cantidad de demandas: 0
cantidad de demandas: 0
cantidad de demandas: 0
cantidad de demandas: 0
cantidad de demandas: 0
cantidad de demandas: 0
cantidad de demandas: 0
cantidad de demandas: 0
cantidad de demandas: 0
cantidad de demandas: 0
cantidad de demandas: 0
cantidad de demandas: 0
cantidad de demandas: 0
cantidad de demandas: 0
cantidad de demandas: 0
cantidad de demandas: 0
cantidad de demandas: 0
cantidad de demandas: 0
cantidad de demandas: 0
cantidad de demandas: 0
cantidad de demandas: 0
cantidad de demandas: 0
cantidad de demandas: 0
cantidad de demandas: 0
cantidad de demandas: 0
cantidad de demandas: 0
cantidad de demandas: 0
cantidad de demandas: 0
cantidad de demandas: 0
cantidad de demandas: 0
cantidad de demandas: 0
cantidad de demandas: 0
cantidad de demandas: 0
cantidad de demandas: 0
cantidad de demandas: 0
cantidad de demandas: 0
cantidad de demandas: 0
cantidad de demandas: 0
cantidad de demandas: 0
cantidad de demandas: 0
cantidad de demandas: 0
cantidad de demandas: 0
cantidad de demandas: 0
cantidad de demandas: 0
cantidad de demandas: 0
cantidad de demandas: 0
cantidad de demandas: 0
cantidad de demandas: 0
cantidad de demandas: 0
cantidad de demandas: 0
cantidad de demandas: 0
cantidad de demandas: 0
cantidad de demandas: 0
cantidad de demandas: 0
cantidad de demandas: 0
cantidad de demandas: 0
cantidad de demandas: 0
cantidad de demandas: 0
cantidad de demandas: 0
cantidad de demandas: 0
cantidad de demandas: 0
cantidad de demandas: 0
cantidad de demandas: 0
cantidad de demandas: 0
cantidad de demandas: 0
cantidad de demandas: 0
cantidad de demandas: 0
cantidad de demandas: 0
cantidad de demandas: 0
cantidad de demandas: 0
cantidad de demandas: 0
cantidad de demandas: 0
cantidad de demandas: 0
cantidad de demandas: 0
cantidad de demandas: 0
cantidad de demandas: 0
cantidad de demandas: 0
cantidad de demandas: 0
cantidad de demandas: 0
cantidad de demandas: 0
cantidad de demandas: 0
cantidad de demandas: 0
cantidad de demandas: 0
cantidad de demandas: 0
cantidad de demandas: 0
cantidad de demandas: 0
cantidad de demandas: 0
cantidad de demandas: 0
cantidad de demandas: 0
cantidad de demandas: 0
cantidad de demandas: 0
cantidad de demandas: 0
cantidad de demandas: 0
cantidad de demandas: 0
cantidad de demandas: 0
cantidad de demandas: 0
cantidad de demandas: 0
cantidad de demandas: 0
cantidad de demandas: 0
cantidad de demandas: 0
cantidad de demandas: 0
cantidad de demandas: 0
cantidad de demandas: 0
cantidad de demandas: 0
cantidad de demandas: 0
cantidad de demandas: 0
cantidad de demandas: 0
cantidad de demandas: 0
cantidad de demandas: 0
cantidad de demandas: 0
cantidad de demandas: 0
cantidad de demandas: 0
cantidad de demandas: 0
cantidad de demandas: 0
cantidad de demandas: 0
cantidad de demandas: 0
cantidad de demandas: 0
cantidad de demandas: 0
cantidad de demandas: 0
cantidad de demandas: 0
cantidad de demandas: 0
cantidad de demandas: 0
cantidad de demandas: 0
cantidad de demandas: 0
cantidad de demandas: 0
cantidad de demandas: 0
cantidad de demandas: 0
cantidad de demandas: 0
cantidad de demandas: 0
cantidad de demandas: 0
cantidad de demandas: 0
cantidad de demandas: 0
cantidad de demandas: 0
cantidad de demandas: 0
cantidad de demandas: 0
cantidad de demandas: 0
cantidad de demandas: 0
cantidad de demandas: 0
cantidad de demandas: 0
cantidad de demandas: 0
cantidad de demandas: 0
cantidad de demandas: 0
cantidad de demandas: 0
cantidad de demandas: 0
cantidad de demandas: 0
cantidad de demandas: 0
cantidad de demandas: 0
cantidad de demandas: 0
cantidad de demandas: 0
cantidad de demandas: 0
cantidad de demandas: 0
cantidad de demandas: 0
cantidad de demandas: 0
cantidad de demandas: 0
cantidad de demandas: 0
cantidad de demandas: 0
cantidad de demandas: 0
cantidad de demandas: 0
cantidad de demandas: 0
cantidad de demandas: 0
cantidad de demandas: 0
cantidad de demandas: 0
cantidad de demandas: 0
cantidad de demandas: 0
cantidad de demandas: 0
cantidad de demandas: 0
cantidad de demandas: 0
cantidad de demandas: 0
cantidad de demandas: 0
cantidad de demandas: 0
cantidad de demandas: 0
cantidad de demandas: 0
cantidad de demandas: 0
cantidad de demandas: 0
cantidad de demandas: 0
cantidad de demandas: 0
cantidad de demandas: 0
cantidad de demandas: 0
cantidad de demandas: 0
cantidad de demandas: 0
cantidad de demandas: 0
cantidad de demandas: 0
cantidad de demandas: 0
cantidad de demandas: 0
cantidad de demandas: 0
cantidad de demandas: 0
cantidad de demandas: 0
cantidad de demandas: 0
cantidad de demandas: 0
cantidad de demandas: 0
cantidad de demandas: 0
cantidad de demandas: 0
cantidad de demandas: 0
cantidad de demandas: 0
cantidad de demandas: 0
cantidad de demandas: 0
cantidad de demandas: 0
cantidad de demandas: 0
cantidad de demandas: 0
cantidad de demandas: 0
cantidad de demandas: 0
cantidad de demandas: 0
cantidad de demandas: 0
cantidad de demandas: 0
cantidad de demandas: 0
cantidad de demandas: 0
cantidad de demandas: 0
cantidad de demandas: 0
cantidad de demandas: 0
cantidad de demandas: 0
cantidad de demandas: 0
cantidad de demandas: 0
cantidad de demandas: 0
cantidad de demandas: 0
cantidad de demandas: 0
cantidad de demandas: 0
cantidad de demandas: 0
cantidad de demandas: 0
cantidad de demandas: 0
cantidad de demandas: 0
cantidad de demandas: 0
cantidad de demandas: 0
cantidad de demandas: 0
cantidad de demandas: 0
cantidad de demandas: 0
cantidad de demandas: 0
cantidad de demandas: 0
cantidad de demandas: 0
cantidad de demandas: 0
cantidad de demandas: 0
cantidad de demandas: 0
cantidad de demandas: 0
cantidad de demandas: 0
cantidad de demandas: 0
cantidad de demandas: 0
cantidad de demandas: 0
cantidad de demandas: 0
cantidad de demandas: 0
cantidad de demandas: 0
cantidad de demandas: 0
cantidad de demandas: 0
cantidad de demandas: 0
cantidad de demandas: 0
cantidad de demandas: 0
cantidad de demandas: 0
cantidad de demandas: 0
cantidad de demandas: 0
cantidad de demandas: 0
cantidad de demandas: 0
cantidad de demandas: 0
cantidad de demandas: 0
cantidad de demandas: 0
cantidad de demandas: 0
cantidad de demandas: 0
cantidad de demandas: 0
cantidad de demandas: 0
cantidad de demandas: 0
cantidad de demandas: 0
cantidad de demandas: 0
cantidad de demandas: 0
cantidad de demandas: 0
cantidad de demandas: 0
cantidad de demandas: 0
cantidad de demandas: 0
cantidad de demandas: 0
cantidad de demandas: 0
cantidad de demandas: 0
cantidad de demandas: 0
cantidad de demandas: 0
cantidad de demandas: 0
cantidad de demandas: 0
cantidad de demandas: 0
cantidad de demandas: 0
cantidad de demandas: 0
cantidad de demandas: 0
cantidad de demandas: 0
cantidad de demandas: 0
cantidad de demandas: 0
cantidad de demandas: 0
cantidad de demandas: 0
cantidad de demandas: 0
cantidad de demandas: 0
cantidad de demandas: 0
cantidad de demandas: 0
cantidad de demandas: 0
cantidad de demandas: 0
cantidad de demandas: 0
cantidad de demandas: 0
cantidad de demandas: 0
cantidad de demandas: 0
cantidad de demandas: 0
cantidad de demandas: 0
cantidad de demandas: 0
cantidad de demandas: 0
cantidad de demandas: 0
cantidad de demandas: 0
cantidad de demandas: 0
cantidad de demandas: 0
cantidad de demandas: 0
cantidad de demandas: 0
cantidad de demandas: 0
cantidad de demandas: 0
cantidad de demandas: 0
cantidad de demandas: 0
cantidad de demandas: 0
cantidad de demandas: 0
cantidad de demandas: 0
cantidad de demandas: 0
cantidad de demandas: 0
cantidad de demandas: 0
cantidad de demandas: 0
cantidad de demandas: 0
cantidad de demandas: 0
cantidad de demandas: 0
cantidad de demandas: 0
cantidad de demandas: 0
cantidad de demandas: 0
cantidad de demandas: 0
cantidad de demandas: 0
cantidad de demandas: 0
cantidad de demandas: 0
cantidad de demandas: 0
cantidad de demandas: 0
cantidad de demandas: 0
cantidad de demandas: 0
cantidad de demandas: 0
cantidad de demandas: 0
cantidad de demandas: 0
cantidad de demandas: 0
cantidad de demandas: 0
cantidad de demandas: 0
cantidad de demandas: 0
cantidad de demandas: 0
cantidad de demandas: 0
cantidad de demandas: 0
cantidad de demandas: 0
cantidad de demandas: 0
cantidad de demandas: 0
cantidad de demandas: 0
cantidad de demandas: 0
cantidad de demandas: 0
cantidad de demandas: 0
cantidad de demandas: 0
cantidad de demandas: 0
cantidad de demandas: 0
cantidad de demandas: 0
cantidad de demandas: 0
cantidad de demandas: 0
cantidad de demandas: 0
cantidad de demandas: 0
cantidad de demandas: 0
cantidad de demandas: 0
cantidad de demandas: 0
cantidad de demandas: 0
cantidad de demandas: 0
cantidad de demandas: 0
cantidad de demandas: 0
cantidad de demandas: 0
cantidad de demandas: 0
cantidad de demandas: 0
cantidad de demandas: 0
cantidad de demandas: 0
cantidad de demandas: 0
cantidad de demandas: 0
cantidad de demandas: 0
cantidad de demandas: 0
cantidad de demandas: 0
cantidad de demandas: 0
cantidad de demandas: 0
cantidad de demandas: 0
cantidad de demandas: 0
cantidad de demandas: 0
cantidad de demandas: 0
cantidad de demandas: 0
cantidad de demandas: 0
cantidad de demandas: 0
cantidad de demandas: 0
cantidad de demandas: 0
cantidad de demandas: 0
cantidad de demandas: 0
cantidad de demandas: 0
cantidad de demandas: 0
cantidad de demandas: 0
cantidad de demandas: 0
cantidad de demandas: 0
cantidad de demandas: 0
cantidad de demandas: 0
cantidad de demandas: 0
cantidad de demandas: 0
cantidad de demandas: 0
cantidad de demandas: 0
cantidad de demandas: 0
cantidad de demandas: 0
cantidad de demandas: 0
cantidad de demandas: 0
cantidad de demandas: 0
cantidad de demandas: 0
cantidad de demandas: 0
cantidad de demandas: 0
cantidad de demandas: 0
cantidad de demandas: 0
cantidad de demandas: 0
cantidad de demandas: 0
cantidad de demandas: 0
cantidad de demandas: 0
cantidad de demandas: 0
cantidad de demandas: 0
cantidad de demandas: 0
cantidad de demandas: 0
cantidad de demandas: 0
cantidad de demandas: 0
cantidad de demandas: 0
cantidad de demandas: 0
cantidad de demandas: 0
cantidad de demandas: 0
cantidad de demandas: 0
cantidad de demandas: 0
cantidad de demandas: 0
cantidad de demandas: 0
cantidad de demandas: 0
cantidad de demandas: 0
cantidad de demandas: 0
cantidad de demandas: 0
cantidad de demandas: 0
cantidad de demandas: 0
cantidad de demandas: 0
cantidad de demandas: 0
cantidad de demandas: 0
cantidad de demandas: 0
cantidad de demandas: 0
cantidad de demandas: 0
cantidad de demandas: 0
cantidad de demandas: 0
cantidad de demandas: 0
cantidad de demandas: 0
cantidad de demandas: 0
cantidad de demandas: 0
cantidad de demandas: 0
cantidad de demandas: 0
cantidad de demandas: 0
cantidad de demandas: 0
cantidad de demandas: 0
cantidad de demandas: 0
cantidad de demandas: 0
cantidad de demandas: 0
cantidad de demandas: 0
cantidad de demandas: 0
cantidad de demandas: 0
cantidad de demandas: 0
cantidad de demandas: 0
cantidad de demandas: 0
cantidad de demandas: 0
cantidad de demandas: 0
cantidad de demandas: 0
cantidad de demandas: 0
cantidad de demandas: 0
cantidad de demandas: 0
cantidad de demandas: 0
cantidad de demandas: 0
cantidad de demandas: 0
cantidad de demandas: 0
cantidad de demandas: 0
cantidad de demandas: 0
cantidad de demandas: 0
cantidad de demandas: 0
cantidad de demandas: 0
cantidad de demandas: 0
cantidad de demandas: 0
cantidad de demandas: 0
cantidad de demandas: 0
cantidad de demandas: 0
cantidad de demandas: 0
cantidad de demandas: 0
cantidad de demandas: 0
cantidad de demandas: 0
cantidad de demandas: 0
cantidad de demandas: 0
cantidad de demandas: 0
cantidad de demandas: 0
cantidad de demandas: 0
cantidad de demandas: 0
cantidad de demandas: 0
cantidad de demandas: 0
cantidad de demandas: 0
cantidad de demandas: 0
cantidad de demandas: 0
cantidad de demandas: 0
cantidad de demandas: 0
cantidad de demandas: 0
cantidad de demandas: 0
cantidad de demandas: 0
cantidad de demandas: 0
cantidad de demandas: 0
cantidad de demandas: 0
cantidad de demandas: 0
cantidad de demandas: 0
cantidad de demandas: 0
cantidad de demandas: 0
cantidad de demandas: 0
cantidad de demandas: 0
cantidad de demandas: 0
cantidad de demandas: 0
cantidad de demandas: 0
cantidad de demandas: 0
cantidad de demandas: 0
cantidad de demandas: 0
cantidad de demandas: 0
cantidad de demandas: 0
cantidad de demandas: 0
cantidad de demandas: 0
cantidad de demandas: 0
cantidad de demandas: 0
cantidad de demandas: 0
cantidad de demandas: 0
cantidad de demandas: 0
cantidad de demandas: 0
cantidad de demandas: 0
cantidad de demandas: 0
cantidad de demandas: 0
cantidad de demandas: 0
cantidad de demandas: 0
cantidad de demandas: 0
cantidad de demandas: 0
cantidad de demandas: 0
cantidad de demandas: 0
cantidad de demandas: 0
cantidad de demandas: 0
cantidad de demandas: 0
cantidad de demandas: 0
cantidad de demandas: 0
cantidad de demandas: 0
cantidad de demandas: 0
cantidad de demandas: 0
cantidad de demandas: 0
cantidad de demandas: 0
cantidad de demandas: 0
cantidad de demandas: 0
cantidad de demandas: 0
cantidad de demandas: 0
cantidad de demandas: 0
cantidad de demandas: 0
cantidad de demandas: 0
cantidad de demandas: 0
cantidad de demandas: 0
cantidad de demandas: 0
cantidad de demandas: 0
cantidad de demandas: 0
cantidad de demandas: 0
cantidad de demandas: 0
cantidad de demandas: 0
cantidad de demandas: 0
cantidad de demandas: 0
cantidad de demandas: 0
cantidad de demandas: 0
cantidad de demandas: 0
cantidad de demandas: 0
cantidad de demandas: 0
cantidad de demandas: 0
cantidad de demandas: 0
cantidad de demandas: 0
cantidad de demandas: 0
cantidad de demandas: 0
cantidad de demandas: 0
cantidad de demandas: 0
cantidad de demandas: 0
cantidad de demandas: 0
cantidad de demandas: 0
cantidad de demandas: 0
cantidad de demandas: 0
cantidad de demandas: 0
cantidad de demandas: 0
cantidad de demandas: 0
cantidad de demandas: 0
cantidad de demandas: 0
cantidad de demandas: 0
cantidad de demandas: 0
cantidad de demandas: 0
cantidad de demandas: 0
cantidad de demandas: 0
cantidad de demandas: 0
cantidad de demandas: 0
cantidad de demandas: 0
cantidad de demandas: 0
cantidad de demandas: 0
cantidad de demandas: 0
cantidad de demandas: 0
cantidad de demandas: 0
cantidad de demandas: 0
cantidad de demandas: 0
cantidad de demandas: 0
cantidad de demandas: 0
cantidad de demandas: 0
cantidad de demandas: 0
cantidad de demandas: 0
cantidad de demandas: 0
cantidad de demandas: 0
cantidad de demandas: 0
cantidad de demandas: 0
cantidad de demandas: 0
cantidad de demandas: 0
cantidad de demandas: 0
cantidad de demandas: 0
cantidad de demandas: 0
cantidad de demandas: 0
cantidad de demandas: 0
cantidad de demandas: 0
cantidad de demandas: 0
cantidad de demandas: 0
cantidad de demandas: 0
cantidad de demandas: 0
cantidad de demandas: 0
cantidad de demandas: 0
cantidad de demandas: 0
cantidad de demandas: 0
cantidad de demandas: 0
cantidad de demandas: 0
cantidad de demandas: 0
cantidad de demandas: 0
cantidad de demandas: 0
cantidad de demandas: 0
cantidad de demandas: 0
cantidad de demandas: 0
cantidad de demandas: 0
cantidad de demandas: 0
cantidad de demandas: 0
cantidad de demandas: 0
cantidad de demandas: 0
cantidad de demandas: 0
cantidad de demandas: 0
cantidad de demandas: 0
cantidad de demandas: 0
cantidad de demandas: 0
cantidad de demandas: 0
cantidad de demandas: 0
cantidad de demandas: 0
cantidad de demandas: 0
cantidad de demandas: 0
cantidad de demandas: 0
cantidad de demandas: 0
cantidad de demandas: 0
cantidad de demandas: 0
cantidad de demandas: 0
cantidad de demandas: 0
cantidad de demandas: 0
cantidad de demandas: 0
cantidad de demandas: 0
cantidad de demandas: 0
cantidad de demandas: 0
cantidad de demandas: 0
cantidad de demandas: 0
cantidad de demandas: 0
cantidad de demandas: 0
cantidad de demandas: 0
cantidad de demandas: 0
cantidad de demandas: 0
cantidad de demandas: 0
cantidad de demandas: 0
cantidad de demandas: 0
cantidad de demandas: 0
cantidad de demandas: 0
cantidad de demandas: 0
cantidad de demandas: 0
cantidad de demandas: 0
cantidad de demandas: 0
cantidad de demandas: 0
cantidad de demandas: 0
cantidad de demandas: 0
cantidad de demandas: 0
cantidad de demandas: 0
cantidad de demandas: 0
cantidad de demandas: 0
cantidad de demandas: 0
cantidad de demandas: 0
cantidad de demandas: 0
cantidad de demandas: 0
cantidad de demandas: 0
cantidad de demandas: 0
cantidad de demandas: 0
cantidad de demandas: 0
cantidad de demandas: 0
cantidad de demandas: 0
cantidad de demandas: 0
cantidad de demandas: 0
cantidad de demandas: 0
cantidad de demandas: 0
cantidad de demandas: 0
cantidad de demandas: 0
cantidad de demandas: 0
cantidad de demandas: 0
cantidad de demandas: 0
cantidad de demandas: 0
cantidad de demandas: 0
cantidad de demandas: 0
cantidad de demandas: 0
cantidad de demandas: 0
cantidad de demandas: 0
cantidad de demandas: 0
cantidad de demandas: 0
cantidad de demandas: 0
cantidad de demandas: 0
cantidad de demandas: 0
cantidad de demandas: 0
cantidad de demandas: 0
cantidad de demandas: 0
cantidad de demandas: 0
cantidad de demandas: 0
cantidad de demandas: 0
cantidad de demandas: 0
cantidad de demandas: 0
cantidad de demandas: 0
cantidad de demandas: 0
cantidad de demandas: 0
cantidad de demandas: 0
cantidad de demandas: 0
cantidad de demandas: 0
cantidad de demandas: 0
cantidad de demandas: 0
cantidad de demandas: 0
cantidad de demandas: 0
cantidad de demandas: 0
cantidad de demandas: 0
cantidad de demandas: 0
cantidad de demandas: 0
cantidad de demandas: 0
cantidad de demandas: 0
cantidad de demandas: 0
cantidad de demandas: 0
cantidad de demandas: 0
cantidad de demandas: 0
cantidad de demandas: 0
cantidad de demandas: 0
cantidad de demandas: 0
cantidad de demandas: 0
cantidad de demandas: 0
cantidad de demandas: 0
cantidad de demandas: 0
cantidad de demandas: 0
cantidad de demandas: 0
cantidad de demandas: 0
cantidad de demandas: 0
cantidad de demandas: 0
cantidad de demandas: 0
cantidad de demandas: 0
cantidad de demandas: 0
cantidad de demandas: 0
cantidad de demandas: 0
cantidad de demandas: 0
cantidad de demandas: 0
cantidad de demandas: 0
cantidad de demandas: 0
cantidad de demandas: 0
cantidad de demandas: 0
cantidad de demandas: 0
cantidad de demandas: 0
cantidad de demandas: 0
cantidad de demandas: 0
cantidad de demandas: 0
cantidad de demandas: 0
cantidad de demandas: 0
cantidad de demandas: 0
cantidad de demandas: 0
cantidad de demandas: 0
cantidad de demandas: 0
cantidad de demandas: 0
cantidad de demandas: 0
cantidad de demandas: 0
cantidad de demandas: 0
cantidad de demandas: 0
cantidad de demandas: 0
cantidad de demandas: 0
cantidad de demandas: 0
cantidad de demandas: 0
cantidad de demandas: 0
cantidad de demandas: 0
cantidad de demandas: 0
cantidad de demandas: 0
cantidad de demandas: 0
cantidad de demandas: 0
cantidad de demandas: 0
cantidad de demandas: 0
cantidad de demandas: 0
cantidad de demandas: 0
cantidad de demandas: 0
cantidad de demandas: 0
cantidad de demandas: 0
cantidad de demandas: 0
cantidad de demandas: 0
cantidad de demandas: 0
cantidad de demandas: 0
cantidad de demandas: 0
cantidad de demandas: 0
cantidad de demandas: 0
cantidad de demandas: 0
cantidad de demandas: 0
cantidad de demandas: 0
cantidad de demandas: 0
cantidad de demandas: 0
cantidad de demandas: 0
cantidad de demandas: 0
cantidad de demandas: 0
cantidad de demandas: 0
cantidad de demandas: 0
cantidad de demandas: 0
cantidad de demandas: 0
cantidad de demandas: 0
cantidad de demandas: 0
cantidad de demandas: 0
cantidad de demandas: 0
cantidad de demandas: 0
cantidad de demandas: 0
cantidad de demandas: 0
cantidad de demandas: 0
cantidad de demandas: 0
cantidad de demandas: 0
cantidad de demandas: 0
cantidad de demandas: 0
cantidad de demandas: 0
cantidad de demandas: 0
cantidad de demandas: 0
cantidad de demandas: 0
cantidad de demandas: 0
cantidad de demandas: 0
cantidad de demandas: 0
cantidad de demandas: 0
cantidad de demandas: 0
cantidad de demandas: 0
cantidad de demandas: 0
cantidad de demandas: 0
cantidad de demandas: 0
cantidad de demandas: 0
cantidad de demandas: 0
cantidad de demandas: 0
cantidad de demandas: 0
cantidad de demandas: 0
cantidad de demandas: 0
cantidad de demandas: 0
cantidad de demandas: 0
cantidad de demandas: 0
cantidad de demandas: 0
cantidad de demandas: 0
cantidad de demandas: 0
cantidad de demandas: 0
cantidad de demandas: 0
cantidad de demandas: 0
cantidad de demandas: 0
cantidad de demandas: 0
cantidad de demandas: 0
cantidad de demandas: 0
cantidad de demandas: 0
cantidad de demandas: 0
cantidad de demandas: 0
cantidad de demandas: 0
cantidad de demandas: 0
cantidad de demandas: 0
cantidad de demandas: 0
cantidad de demandas: 0
cantidad de demandas: 0
cantidad de demandas: 0
cantidad de demandas: 0
cantidad de demandas: 0
cantidad de demandas: 0
cantidad de demandas: 0
cantidad de demandas: 0
cantidad de demandas: 0
cantidad de demandas: 0
cantidad de demandas: 0
cantidad de demandas: 0
cantidad de demandas: 0
cantidad de demandas: 0
cantidad de demandas: 0
cantidad de demandas: 0
cantidad de demandas: 0
cantidad de demandas: 0
cantidad de demandas: 0
cantidad de demandas: 0
cantidad de demandas: 0
cantidad de demandas: 0
cantidad de demandas: 0
cantidad de demandas: 0
cantidad de demandas: 0
cantidad de demandas: 0
cantidad de demandas: 0
cantidad de demandas: 0
cantidad de demandas: 0
cantidad de demandas: 0
cantidad de demandas: 0
cantidad de demandas: 0
cantidad de demandas: 0
cantidad de demandas: 0
cantidad de demandas: 0
cantidad de demandas: 0
cantidad de demandas: 0
cantidad de demandas: 0
cantidad de demandas: 0
cantidad de demandas: 0
cantidad de demandas: 0
cantidad de demandas: 0
cantidad de demandas: 0
cantidad de demandas: 0
cantidad de demandas: 0
cantidad de demandas: 0
cantidad de demandas: 0
cantidad de demandas: 0
cantidad de demandas: 0
cantidad de demandas: 0
cantidad de demandas: 0
cantidad de demandas: 0
cantidad de demandas: 0
cantidad de demandas: 0
cantidad de demandas: 0
cantidad de demandas: 0
cantidad de demandas: 0
cantidad de demandas: 0
cantidad de demandas: 0
cantidad de demandas: 0
cantidad de demandas: 0
cantidad de demandas: 0
cantidad de demandas: 0
cantidad de demandas: 0
cantidad de demandas: 0
cantidad de demandas: 0
cantidad de demandas: 0
cantidad de demandas: 0
cantidad de demandas: 0
cantidad de demandas: 0
cantidad de demandas: 0
cantidad de demandas: 0
cantidad de demandas: 0
cantidad de demandas: 0
